employee_id,first_name,last_name,street_address,phone_number
1,Balduin,Letson,8 Bayside Parkway,681-361-9997
2,Heywood,Yanele,14 Mockingbird Parkway,795-325-9113
3,Filia,Varnals,29078 Morningstar Road,962-802-5895
4,Tamar,Cloke,70 Emmet Circle,279-846-9209
5,Anya,Shimmings,06 Sachtjen Center,868-252-1943
6,Mahmud,Kitchingman,66541 Oriole Road,172-198-3219
7,Dill,Passman,6214 Pierstorff Lane,129-931-3751
8,Bail,Duffil,3684 Kim Crossing,824-266-8934
9,Lissa,Scadding,4 Mitchell Road,252-335-5083
10,Madonna,Snoad,485 Corscot Parkway,359-566-8936
11,Bradan,Fleis,710 Randy Plaza,434-311-8376
12,Rodney,O'Doogan,70 5th Junction,414-453-0239
13,Corbett,Lantuff,394 6th Point,
14,Nikoletta,Veldstra,272 Annamark Junction,123-192-0800
15,Abigale,Joron,7 Washington Lane,547-545-5178
16,Artemis,Varrow,17 Kim Parkway,438-941-4398
17,Ora,Klyner,7 Steensland Hill,905-269-8906
18,Dannye,Fricke,6994 Milwaukee Way,715-731-4726
19,Adelheid,Ciccetti,69 Glacier Hill Parkway,607-794-7422
20,Ephrem,Mungin,411 Macpherson Alley,597-103-2309
21,Dud,Laws,8 Petterle Court,973-704-5572
22,Maynord,Wessel,2 Arrowood Hill,390-247-8592
23,Esta,Tregenza,277 Grim Crossing,154-765-4066
24,Rudiger,Maun,50493 Prairie Rose Hill,899-313-7468
25,Hedvige,Solan,8 Magdeline Park,609-196-2929
26,Mercy,Hallahan,1877 Hoffman Junction,164-477-8833
27,Demeter,Davitt,05 Algoma Junction,702-123-3338
28,Xylina,Dilleway,764 Old Gate Terrace,644-935-6677
29,Dierdre,Plimmer,820 Hansons Plaza,138-305-5034
30,Myrta,Quiney,5037 Starling Plaza,218-655-8355
31,Edlin,Harwick,9 Cambridge Court,515-480-8220
32,Katherina,Thoumas,4 Coleman Hill,591-844-6166
33,Yorgo,Cannam,12564 Reinke Trail,779-451-9872
34,Suzann,Longcake,260 Crownhardt Street,416-793-6159
35,Clotilda,Polson,24 Ridge Oak Center,113-924-0215
36,Pauline,Bentame,104 Sullivan Drive,129-381-8192
37,Wylie,Versey,559 Macpherson Court,465-963-3999
38,Bronnie,Asty,87592 Jenifer Point,100-294-6301
39,Ailis,Staddon,70760 Claremont Avenue,933-715-6064
40,Nye,Butland,7001 Maple Wood Crossing,508-802-2863
41,Karna,Pargent,64578 Duke Junction,448-894-9270
42,Eydie,Ivashintsov,92 Kenwood Way,896-820-9154
43,Theresita,Tollett,99 Declaration Court,110-767-5827
44,Camile,Holtaway,18 Talmadge Park,838-189-5428
45,Ibby,Boote,7 Mifflin Plaza,979-242-1554
46,Mona,Babst,31 Independence Crossing,738-273-7765
47,Noam,Roycroft,39 Walton Parkway,771-489-1628
48,Nickolaus,Tinwell,96 Beilfuss Trail,940-475-0950
49,Christiano,Gynne,2 Transport Pass,913-566-0953
50,Reed,Walworche,8572 Fordem Pass,975-472-2222
51,Alfred,Orwin,57 Sommers Drive,190-423-3979
52,Crissie,MacDirmid,68250 Fair Oaks Lane,287-682-1238
53,Berrie,Giblin,87 Michigan Hill,829-230-2604
54,Loren,Tuddenham,4 Doe Crossing Lane,
55,Jojo,Lorryman,6 Rusk Pass,
56,Abbie,McCarlie,1 Butternut Road,992-388-4969
57,Svend,Dewitt,73444 Green Ridge Place,188-438-9804
58,Teador,Broxup,16 Village Green Pass,770-944-7580
59,Theresa,Micka,16 Hauk Center,579-180-3686
60,Starlene,Rogeon,65842 Hagan Way,
61,Annabela,Fidgin,44471 Dawn Park,705-153-4800
62,Kendal,Rizzotto,1963 Rowland Terrace,
63,Sarah,Gidden,2327 Russell Court,449-471-8092
64,Halie,McGilroy,02003 Gulseth Trail,370-892-0795
65,Brunhilda,O'Moylane,56466 Briar Crest Pass,770-304-6550
66,Esme,Pepys,112 Macpherson Plaza,966-194-6508
67,Estel,Camel,06 Marquette Street,911-176-9202
68,Aubrey,Kilby,7 Elmside Lane,654-927-5371
69,Nicky,Kamienski,84248 Old Gate Place,238-433-8274
70,Colly,Yalden,5 Division Center,
71,Woodrow,MacNeillie,792 Harper Center,815-440-5396
72,Gratia,Sully,1 Westport Park,942-904-0305
73,Maryanne,Woolham,35 Dorton Avenue,672-320-5925
74,Lou,Shemilt,31 Schiller Lane,
75,Ab,Howie,631 Eliot Drive,969-423-0454
76,Ellen,Usborn,95 Mcbride Street,952-709-3541
77,Lowe,Pedycan,04 Bunker Hill Road,630-756-2155
78,Lexis,Schwier,10 Shelley Junction,178-674-9076
79,Margot,State,788 Monica Center,850-138-5228
80,Carlynne,Vearncomb,09 Vahlen Trail,614-386-5657
81,Kalil,Broseman,74 Di Loreto Plaza,278-218-6494
82,Adams,Keneforde,2 Barby Trail,630-593-9375
83,Samson,Muzzi,2477 Spohn Crossing,373-541-9558
84,Rozanna,Blanchette,245 Portage Park,377-414-1276
85,Janis,Bruckent,84 Menomonie Drive,671-863-5401
86,Fannie,Dungay,2729 Lotheville Circle,688-667-9031
87,Ginny,Wybrew,08 Linden Avenue,201-179-0041
88,Lita,Tebbett,4382 Red Cloud Place,143-741-2636
89,Robinia,David,8229 Maple Crossing,307-110-8131
90,Cleo,Sahnow,6 Orin Drive,
91,Kareem,Well,016 Caliangt Street,944-477-5057
92,Guntar,Ciementini,8 Dunning Junction,407-938-9181
93,Garner,Mattacks,4 Dawn Trail,995-676-4584
94,Mason,Lewton,5 Manley Way,411-740-9062
95,Olivie,Scattergood,29 Annamark Avenue,567-286-3447
96,Tiphani,holmes,8353 Starling Crossing,966-412-4548
97,Wright,Van der Son,49 Washington Court,658-966-7263
98,Gardner,Widdall,35594 Johnson Trail,960-293-5660
99,Marlin,Rickaert,199 Fulton Plaza,159-918-3752
100,Kylen,Smitherman,63668 American Ash Terrace,451-350-9463
